item_id,release_source,domain,detector,gold_count,predicted_count,tp,fp,fn,exact_match,predicted_ids,missed_ids,extra_ids
update_nonce_option__agent_memory_airport_current_first_code_a_current,update_nonce_option,agent_memory,lineage,1,1,1,0,0,True,airport_stale,,
update_nonce_option__agent_memory_airport_current_first_code_a_current,update_nonce_option,agent_memory,text_timestamp,1,1,1,0,0,True,airport_stale,,
update_nonce_option__agent_memory_airport_current_first_code_b_current,update_nonce_option,agent_memory,lineage,1,1,1,0,0,True,airport_stale,,
update_nonce_option__agent_memory_airport_current_first_code_b_current,update_nonce_option,agent_memory,text_timestamp,1,1,1,0,0,True,airport_stale,,
update_nonce_option__agent_memory_airport_stale_first_code_a_current,update_nonce_option,agent_memory,lineage,1,1,1,0,0,True,airport_stale,,
update_nonce_option__agent_memory_airport_stale_first_code_a_current,update_nonce_option,agent_memory,text_timestamp,1,1,1,0,0,True,airport_stale,,
update_nonce_option__agent_memory_airport_stale_first_code_b_current,update_nonce_option,agent_memory,lineage,1,1,1,0,0,True,airport_stale,,
update_nonce_option__agent_memory_airport_stale_first_code_b_current,update_nonce_option,agent_memory,text_timestamp,1,1,1,0,0,True,airport_stale,,
update_nonce_option__agent_memory_timezone_current_first_code_a_current,update_nonce_option,agent_memory,lineage,1,1,1,0,0,True,timezone_stale,,
update_nonce_option__agent_memory_timezone_current_first_code_a_current,update_nonce_option,agent_memory,text_timestamp,1,1,1,0,0,True,timezone_stale,,
update_nonce_option__agent_memory_timezone_current_first_code_b_current,update_nonce_option,agent_memory,lineage,1,1,1,0,0,True,timezone_stale,,
update_nonce_option__agent_memory_timezone_current_first_code_b_current,update_nonce_option,agent_memory,text_timestamp,1,1,1,0,0,True,timezone_stale,,
update_nonce_option__agent_memory_timezone_stale_first_code_a_current,update_nonce_option,agent_memory,lineage,1,1,1,0,0,True,timezone_stale,,
update_nonce_option__agent_memory_timezone_stale_first_code_a_current,update_nonce_option,agent_memory,text_timestamp,1,1,1,0,0,True,timezone_stale,,
update_nonce_option__agent_memory_timezone_stale_first_code_b_current,update_nonce_option,agent_memory,lineage,1,1,1,0,0,True,timezone_stale,,
update_nonce_option__agent_memory_timezone_stale_first_code_b_current,update_nonce_option,agent_memory,text_timestamp,1,1,1,0,0,True,timezone_stale,,
update_nonce_option__agent_memory_invoice_email_current_first_code_a_current,update_nonce_option,agent_memory,lineage,1,1,1,0,0,True,invoice_email_stale,,
update_nonce_option__agent_memory_invoice_email_current_first_code_a_current,update_nonce_option,agent_memory,text_timestamp,1,1,1,0,0,True,invoice_email_stale,,
update_nonce_option__agent_memory_invoice_email_current_first_code_b_current,update_nonce_option,agent_memory,lineage,1,1,1,0,0,True,invoice_email_stale,,
update_nonce_option__agent_memory_invoice_email_current_first_code_b_current,update_nonce_option,agent_memory,text_timestamp,1,1,1,0,0,True,invoice_email_stale,,
update_nonce_option__agent_memory_invoice_email_stale_first_code_a_current,update_nonce_option,agent_memory,lineage,1,1,1,0,0,True,invoice_email_stale,,
update_nonce_option__agent_memory_invoice_email_stale_first_code_a_current,update_nonce_option,agent_memory,text_timestamp,1,1,1,0,0,True,invoice_email_stale,,
update_nonce_option__agent_memory_invoice_email_stale_first_code_b_current,update_nonce_option,agent_memory,lineage,1,1,1,0,0,True,invoice_email_stale,,
update_nonce_option__agent_memory_invoice_email_stale_first_code_b_current,update_nonce_option,agent_memory,text_timestamp,1,1,1,0,0,True,invoice_email_stale,,
update_nonce_option__agent_memory_standup_time_current_first_code_a_current,update_nonce_option,agent_memory,lineage,1,1,1,0,0,True,standup_time_stale,,
update_nonce_option__agent_memory_standup_time_current_first_code_a_current,update_nonce_option,agent_memory,text_timestamp,1,1,1,0,0,True,standup_time_stale,,
update_nonce_option__agent_memory_standup_time_current_first_code_b_current,update_nonce_option,agent_memory,lineage,1,1,1,0,0,True,standup_time_stale,,
update_nonce_option__agent_memory_standup_time_current_first_code_b_current,update_nonce_option,agent_memory,text_timestamp,1,1,1,0,0,True,standup_time_stale,,
update_nonce_option__agent_memory_standup_time_stale_first_code_a_current,update_nonce_option,agent_memory,lineage,1,1,1,0,0,True,standup_time_stale,,
update_nonce_option__agent_memory_standup_time_stale_first_code_a_current,update_nonce_option,agent_memory,text_timestamp,1,1,1,0,0,True,standup_time_stale,,
update_nonce_option__agent_memory_standup_time_stale_first_code_b_current,update_nonce_option,agent_memory,lineage,1,1,1,0,0,True,standup_time_stale,,
update_nonce_option__agent_memory_standup_time_stale_first_code_b_current,update_nonce_option,agent_memory,text_timestamp,1,1,1,0,0,True,standup_time_stale,,
update_nonce_option__agent_memory_deploy_branch_current_first_code_a_current,update_nonce_option,agent_memory,lineage,1,1,1,0,0,True,deploy_branch_stale,,
update_nonce_option__agent_memory_deploy_branch_current_first_code_a_current,update_nonce_option,agent_memory,text_timestamp,1,1,1,0,0,True,deploy_branch_stale,,
update_nonce_option__agent_memory_deploy_branch_current_first_code_b_current,update_nonce_option,agent_memory,lineage,1,1,1,0,0,True,deploy_branch_stale,,
update_nonce_option__agent_memory_deploy_branch_current_first_code_b_current,update_nonce_option,agent_memory,text_timestamp,1,1,1,0,0,True,deploy_branch_stale,,
update_nonce_option__agent_memory_deploy_branch_stale_first_code_a_current,update_nonce_option,agent_memory,lineage,1,1,1,0,0,True,deploy_branch_stale,,
update_nonce_option__agent_memory_deploy_branch_stale_first_code_a_current,update_nonce_option,agent_memory,text_timestamp,1,1,1,0,0,True,deploy_branch_stale,,
update_nonce_option__agent_memory_deploy_branch_stale_first_code_b_current,update_nonce_option,agent_memory,lineage,1,1,1,0,0,True,deploy_branch_stale,,
update_nonce_option__agent_memory_deploy_branch_stale_first_code_b_current,update_nonce_option,agent_memory,text_timestamp,1,1,1,0,0,True,deploy_branch_stale,,
update_nonce_option__agent_memory_package_manager_current_first_code_a_current,update_nonce_option,agent_memory,lineage,1,1,1,0,0,True,package_manager_stale,,
update_nonce_option__agent_memory_package_manager_current_first_code_a_current,update_nonce_option,agent_memory,text_timestamp,1,1,1,0,0,True,package_manager_stale,,
update_nonce_option__agent_memory_package_manager_current_first_code_b_current,update_nonce_option,agent_memory,lineage,1,1,1,0,0,True,package_manager_stale,,
update_nonce_option__agent_memory_package_manager_current_first_code_b_current,update_nonce_option,agent_memory,text_timestamp,1,1,1,0,0,True,package_manager_stale,,
update_nonce_option__agent_memory_package_manager_stale_first_code_a_current,update_nonce_option,agent_memory,lineage,1,1,1,0,0,True,package_manager_stale,,
update_nonce_option__agent_memory_package_manager_stale_first_code_a_current,update_nonce_option,agent_memory,text_timestamp,1,1,1,0,0,True,package_manager_stale,,
update_nonce_option__agent_memory_package_manager_stale_first_code_b_current,update_nonce_option,agent_memory,lineage,1,1,1,0,0,True,package_manager_stale,,
update_nonce_option__agent_memory_package_manager_stale_first_code_b_current,update_nonce_option,agent_memory,text_timestamp,1,1,1,0,0,True,package_manager_stale,,
update_nonce_option__agent_memory_api_endpoint_current_first_code_a_current,update_nonce_option,agent_memory,lineage,1,1,1,0,0,True,api_endpoint_stale,,
update_nonce_option__agent_memory_api_endpoint_current_first_code_a_current,update_nonce_option,agent_memory,text_timestamp,1,1,1,0,0,True,api_endpoint_stale,,
update_nonce_option__agent_memory_api_endpoint_current_first_code_b_current,update_nonce_option,agent_memory,lineage,1,1,1,0,0,True,api_endpoint_stale,,
update_nonce_option__agent_memory_api_endpoint_current_first_code_b_current,update_nonce_option,agent_memory,text_timestamp,1,1,1,0,0,True,api_endpoint_stale,,
update_nonce_option__agent_memory_api_endpoint_stale_first_code_a_current,update_nonce_option,agent_memory,lineage,1,1,1,0,0,True,api_endpoint_stale,,
update_nonce_option__agent_memory_api_endpoint_stale_first_code_a_current,update_nonce_option,agent_memory,text_timestamp,1,1,1,0,0,True,api_endpoint_stale,,
update_nonce_option__agent_memory_api_endpoint_stale_first_code_b_current,update_nonce_option,agent_memory,lineage,1,1,1,0,0,True,api_endpoint_stale,,
update_nonce_option__agent_memory_api_endpoint_stale_first_code_b_current,update_nonce_option,agent_memory,text_timestamp,1,1,1,0,0,True,api_endpoint_stale,,
update_nonce_option__agent_memory_alert_channel_current_first_code_a_current,update_nonce_option,agent_memory,lineage,1,1,1,0,0,True,alert_channel_stale,,
update_nonce_option__agent_memory_alert_channel_current_first_code_a_current,update_nonce_option,agent_memory,text_timestamp,1,1,1,0,0,True,alert_channel_stale,,
update_nonce_option__agent_memory_alert_channel_current_first_code_b_current,update_nonce_option,agent_memory,lineage,1,1,1,0,0,True,alert_channel_stale,,
update_nonce_option__agent_memory_alert_channel_current_first_code_b_current,update_nonce_option,agent_memory,text_timestamp,1,1,1,0,0,True,alert_channel_stale,,
update_nonce_option__agent_memory_alert_channel_stale_first_code_a_current,update_nonce_option,agent_memory,lineage,1,1,1,0,0,True,alert_channel_stale,,
update_nonce_option__agent_memory_alert_channel_stale_first_code_a_current,update_nonce_option,agent_memory,text_timestamp,1,1,1,0,0,True,alert_channel_stale,,
update_nonce_option__agent_memory_alert_channel_stale_first_code_b_current,update_nonce_option,agent_memory,lineage,1,1,1,0,0,True,alert_channel_stale,,
update_nonce_option__agent_memory_alert_channel_stale_first_code_b_current,update_nonce_option,agent_memory,text_timestamp,1,1,1,0,0,True,alert_channel_stale,,
update_nonce_option__agent_memory_meeting_location_current_first_code_a_current,update_nonce_option,agent_memory,lineage,1,1,1,0,0,True,meeting_location_stale,,
update_nonce_option__agent_memory_meeting_location_current_first_code_a_current,update_nonce_option,agent_memory,text_timestamp,1,1,1,0,0,True,meeting_location_stale,,
update_nonce_option__agent_memory_meeting_location_current_first_code_b_current,update_nonce_option,agent_memory,lineage,1,1,1,0,0,True,meeting_location_stale,,
update_nonce_option__agent_memory_meeting_location_current_first_code_b_current,update_nonce_option,agent_memory,text_timestamp,1,1,1,0,0,True,meeting_location_stale,,
update_nonce_option__agent_memory_meeting_location_stale_first_code_a_current,update_nonce_option,agent_memory,lineage,1,1,1,0,0,True,meeting_location_stale,,
update_nonce_option__agent_memory_meeting_location_stale_first_code_a_current,update_nonce_option,agent_memory,text_timestamp,1,1,1,0,0,True,meeting_location_stale,,
update_nonce_option__agent_memory_meeting_location_stale_first_code_b_current,update_nonce_option,agent_memory,lineage,1,1,1,0,0,True,meeting_location_stale,,
update_nonce_option__agent_memory_meeting_location_stale_first_code_b_current,update_nonce_option,agent_memory,text_timestamp,1,1,1,0,0,True,meeting_location_stale,,
update_nonce_option__agent_memory_oncall_system_current_first_code_a_current,update_nonce_option,agent_memory,lineage,1,1,1,0,0,True,oncall_system_stale,,
update_nonce_option__agent_memory_oncall_system_current_first_code_a_current,update_nonce_option,agent_memory,text_timestamp,1,1,1,0,0,True,oncall_system_stale,,
update_nonce_option__agent_memory_oncall_system_current_first_code_b_current,update_nonce_option,agent_memory,lineage,1,1,1,0,0,True,oncall_system_stale,,
update_nonce_option__agent_memory_oncall_system_current_first_code_b_current,update_nonce_option,agent_memory,text_timestamp,1,1,1,0,0,True,oncall_system_stale,,
update_nonce_option__agent_memory_oncall_system_stale_first_code_a_current,update_nonce_option,agent_memory,lineage,1,1,1,0,0,True,oncall_system_stale,,
update_nonce_option__agent_memory_oncall_system_stale_first_code_a_current,update_nonce_option,agent_memory,text_timestamp,1,1,1,0,0,True,oncall_system_stale,,
update_nonce_option__agent_memory_oncall_system_stale_first_code_b_current,update_nonce_option,agent_memory,lineage,1,1,1,0,0,True,oncall_system_stale,,
update_nonce_option__agent_memory_oncall_system_stale_first_code_b_current,update_nonce_option,agent_memory,text_timestamp,1,1,1,0,0,True,oncall_system_stale,,
update_nonce_option__agent_memory_budget_cap_current_first_code_a_current,update_nonce_option,agent_memory,lineage,1,1,1,0,0,True,budget_cap_stale,,
update_nonce_option__agent_memory_budget_cap_current_first_code_a_current,update_nonce_option,agent_memory,text_timestamp,1,1,1,0,0,True,budget_cap_stale,,
update_nonce_option__agent_memory_budget_cap_current_first_code_b_current,update_nonce_option,agent_memory,lineage,1,1,1,0,0,True,budget_cap_stale,,
update_nonce_option__agent_memory_budget_cap_current_first_code_b_current,update_nonce_option,agent_memory,text_timestamp,1,1,1,0,0,True,budget_cap_stale,,
update_nonce_option__agent_memory_budget_cap_stale_first_code_a_current,update_nonce_option,agent_memory,lineage,1,1,1,0,0,True,budget_cap_stale,,
update_nonce_option__agent_memory_budget_cap_stale_first_code_a_current,update_nonce_option,agent_memory,text_timestamp,1,1,1,0,0,True,budget_cap_stale,,
update_nonce_option__agent_memory_budget_cap_stale_first_code_b_current,update_nonce_option,agent_memory,lineage,1,1,1,0,0,True,budget_cap_stale,,
update_nonce_option__agent_memory_budget_cap_stale_first_code_b_current,update_nonce_option,agent_memory,text_timestamp,1,1,1,0,0,True,budget_cap_stale,,
update_nonce_option__agent_memory_document_format_current_first_code_a_current,update_nonce_option,agent_memory,lineage,1,1,1,0,0,True,document_format_stale,,
update_nonce_option__agent_memory_document_format_current_first_code_a_current,update_nonce_option,agent_memory,text_timestamp,1,1,1,0,0,True,document_format_stale,,
update_nonce_option__agent_memory_document_format_current_first_code_b_current,update_nonce_option,agent_memory,lineage,1,1,1,0,0,True,document_format_stale,,
update_nonce_option__agent_memory_document_format_current_first_code_b_current,update_nonce_option,agent_memory,text_timestamp,1,1,1,0,0,True,document_format_stale,,
update_nonce_option__agent_memory_document_format_stale_first_code_a_current,update_nonce_option,agent_memory,lineage,1,1,1,0,0,True,document_format_stale,,
update_nonce_option__agent_memory_document_format_stale_first_code_a_current,update_nonce_option,agent_memory,text_timestamp,1,1,1,0,0,True,document_format_stale,,
update_nonce_option__agent_memory_document_format_stale_first_code_b_current,update_nonce_option,agent_memory,lineage,1,1,1,0,0,True,document_format_stale,,
update_nonce_option__agent_memory_document_format_stale_first_code_b_current,update_nonce_option,agent_memory,text_timestamp,1,1,1,0,0,True,document_format_stale,,
update_nonce_option__agent_memory_shipping_address_current_first_code_a_current,update_nonce_option,agent_memory,lineage,1,1,1,0,0,True,shipping_address_stale,,
update_nonce_option__agent_memory_shipping_address_current_first_code_a_current,update_nonce_option,agent_memory,text_timestamp,1,1,1,0,0,True,shipping_address_stale,,
update_nonce_option__agent_memory_shipping_address_current_first_code_b_current,update_nonce_option,agent_memory,lineage,1,1,1,0,0,True,shipping_address_stale,,
update_nonce_option__agent_memory_shipping_address_current_first_code_b_current,update_nonce_option,agent_memory,text_timestamp,1,1,1,0,0,True,shipping_address_stale,,
update_nonce_option__agent_memory_shipping_address_stale_first_code_a_current,update_nonce_option,agent_memory,lineage,1,1,1,0,0,True,shipping_address_stale,,
update_nonce_option__agent_memory_shipping_address_stale_first_code_a_current,update_nonce_option,agent_memory,text_timestamp,1,1,1,0,0,True,shipping_address_stale,,
update_nonce_option__agent_memory_shipping_address_stale_first_code_b_current,update_nonce_option,agent_memory,lineage,1,1,1,0,0,True,shipping_address_stale,,
update_nonce_option__agent_memory_shipping_address_stale_first_code_b_current,update_nonce_option,agent_memory,text_timestamp,1,1,1,0,0,True,shipping_address_stale,,
update_nonce_option__agent_memory_crm_stage_current_first_code_a_current,update_nonce_option,agent_memory,lineage,1,1,1,0,0,True,crm_stage_stale,,
update_nonce_option__agent_memory_crm_stage_current_first_code_a_current,update_nonce_option,agent_memory,text_timestamp,1,1,1,0,0,True,crm_stage_stale,,
update_nonce_option__agent_memory_crm_stage_current_first_code_b_current,update_nonce_option,agent_memory,lineage,1,1,1,0,0,True,crm_stage_stale,,
update_nonce_option__agent_memory_crm_stage_current_first_code_b_current,update_nonce_option,agent_memory,text_timestamp,1,1,1,0,0,True,crm_stage_stale,,
update_nonce_option__agent_memory_crm_stage_stale_first_code_a_current,update_nonce_option,agent_memory,lineage,1,1,1,0,0,True,crm_stage_stale,,
update_nonce_option__agent_memory_crm_stage_stale_first_code_a_current,update_nonce_option,agent_memory,text_timestamp,1,1,1,0,0,True,crm_stage_stale,,
update_nonce_option__agent_memory_crm_stage_stale_first_code_b_current,update_nonce_option,agent_memory,lineage,1,1,1,0,0,True,crm_stage_stale,,
update_nonce_option__agent_memory_crm_stage_stale_first_code_b_current,update_nonce_option,agent_memory,text_timestamp,1,1,1,0,0,True,crm_stage_stale,,
update_nonce_option__agent_memory_feature_flag_current_first_code_a_current,update_nonce_option,agent_memory,lineage,1,1,1,0,0,True,feature_flag_stale,,
update_nonce_option__agent_memory_feature_flag_current_first_code_a_current,update_nonce_option,agent_memory,text_timestamp,1,1,1,0,0,True,feature_flag_stale,,
update_nonce_option__agent_memory_feature_flag_current_first_code_b_current,update_nonce_option,agent_memory,lineage,1,1,1,0,0,True,feature_flag_stale,,
update_nonce_option__agent_memory_feature_flag_current_first_code_b_current,update_nonce_option,agent_memory,text_timestamp,1,1,1,0,0,True,feature_flag_stale,,
update_nonce_option__agent_memory_feature_flag_stale_first_code_a_current,update_nonce_option,agent_memory,lineage,1,1,1,0,0,True,feature_flag_stale,,
update_nonce_option__agent_memory_feature_flag_stale_first_code_a_current,update_nonce_option,agent_memory,text_timestamp,1,1,1,0,0,True,feature_flag_stale,,
update_nonce_option__agent_memory_feature_flag_stale_first_code_b_current,update_nonce_option,agent_memory,lineage,1,1,1,0,0,True,feature_flag_stale,,
update_nonce_option__agent_memory_feature_flag_stale_first_code_b_current,update_nonce_option,agent_memory,text_timestamp,1,1,1,0,0,True,feature_flag_stale,,
update_nonce_option__agent_memory_support_tier_current_first_code_a_current,update_nonce_option,agent_memory,lineage,1,1,1,0,0,True,support_tier_stale,,
update_nonce_option__agent_memory_support_tier_current_first_code_a_current,update_nonce_option,agent_memory,text_timestamp,1,1,1,0,0,True,support_tier_stale,,
update_nonce_option__agent_memory_support_tier_current_first_code_b_current,update_nonce_option,agent_memory,lineage,1,1,1,0,0,True,support_tier_stale,,
update_nonce_option__agent_memory_support_tier_current_first_code_b_current,update_nonce_option,agent_memory,text_timestamp,1,1,1,0,0,True,support_tier_stale,,
update_nonce_option__agent_memory_support_tier_stale_first_code_a_current,update_nonce_option,agent_memory,lineage,1,1,1,0,0,True,support_tier_stale,,
update_nonce_option__agent_memory_support_tier_stale_first_code_a_current,update_nonce_option,agent_memory,text_timestamp,1,1,1,0,0,True,support_tier_stale,,
update_nonce_option__agent_memory_support_tier_stale_first_code_b_current,update_nonce_option,agent_memory,lineage,1,1,1,0,0,True,support_tier_stale,,
update_nonce_option__agent_memory_support_tier_stale_first_code_b_current,update_nonce_option,agent_memory,text_timestamp,1,1,1,0,0,True,support_tier_stale,,
update_nonce_option__agent_memory_reminder_day_current_first_code_a_current,update_nonce_option,agent_memory,lineage,1,1,1,0,0,True,reminder_day_stale,,
update_nonce_option__agent_memory_reminder_day_current_first_code_a_current,update_nonce_option,agent_memory,text_timestamp,1,1,1,0,0,True,reminder_day_stale,,
update_nonce_option__agent_memory_reminder_day_current_first_code_b_current,update_nonce_option,agent_memory,lineage,1,1,1,0,0,True,reminder_day_stale,,
update_nonce_option__agent_memory_reminder_day_current_first_code_b_current,update_nonce_option,agent_memory,text_timestamp,1,1,1,0,0,True,reminder_day_stale,,
update_nonce_option__agent_memory_reminder_day_stale_first_code_a_current,update_nonce_option,agent_memory,lineage,1,1,1,0,0,True,reminder_day_stale,,
update_nonce_option__agent_memory_reminder_day_stale_first_code_a_current,update_nonce_option,agent_memory,text_timestamp,1,1,1,0,0,True,reminder_day_stale,,
update_nonce_option__agent_memory_reminder_day_stale_first_code_b_current,update_nonce_option,agent_memory,lineage,1,1,1,0,0,True,reminder_day_stale,,
update_nonce_option__agent_memory_reminder_day_stale_first_code_b_current,update_nonce_option,agent_memory,text_timestamp,1,1,1,0,0,True,reminder_day_stale,,
update_nonce_option__agent_memory_code_editor_current_first_code_a_current,update_nonce_option,agent_memory,lineage,1,1,1,0,0,True,code_editor_stale,,
update_nonce_option__agent_memory_code_editor_current_first_code_a_current,update_nonce_option,agent_memory,text_timestamp,1,1,1,0,0,True,code_editor_stale,,
update_nonce_option__agent_memory_code_editor_current_first_code_b_current,update_nonce_option,agent_memory,lineage,1,1,1,0,0,True,code_editor_stale,,
update_nonce_option__agent_memory_code_editor_current_first_code_b_current,update_nonce_option,agent_memory,text_timestamp,1,1,1,0,0,True,code_editor_stale,,
update_nonce_option__agent_memory_code_editor_stale_first_code_a_current,update_nonce_option,agent_memory,lineage,1,1,1,0,0,True,code_editor_stale,,
update_nonce_option__agent_memory_code_editor_stale_first_code_a_current,update_nonce_option,agent_memory,text_timestamp,1,1,1,0,0,True,code_editor_stale,,
update_nonce_option__agent_memory_code_editor_stale_first_code_b_current,update_nonce_option,agent_memory,lineage,1,1,1,0,0,True,code_editor_stale,,
update_nonce_option__agent_memory_code_editor_stale_first_code_b_current,update_nonce_option,agent_memory,text_timestamp,1,1,1,0,0,True,code_editor_stale,,
update_nonce_option__agent_memory_analytics_tool_current_first_code_a_current,update_nonce_option,agent_memory,lineage,1,1,1,0,0,True,analytics_tool_stale,,
update_nonce_option__agent_memory_analytics_tool_current_first_code_a_current,update_nonce_option,agent_memory,text_timestamp,1,1,1,0,0,True,analytics_tool_stale,,
update_nonce_option__agent_memory_analytics_tool_current_first_code_b_current,update_nonce_option,agent_memory,lineage,1,1,1,0,0,True,analytics_tool_stale,,
update_nonce_option__agent_memory_analytics_tool_current_first_code_b_current,update_nonce_option,agent_memory,text_timestamp,1,1,1,0,0,True,analytics_tool_stale,,
update_nonce_option__agent_memory_analytics_tool_stale_first_code_a_current,update_nonce_option,agent_memory,lineage,1,1,1,0,0,True,analytics_tool_stale,,
update_nonce_option__agent_memory_analytics_tool_stale_first_code_a_current,update_nonce_option,agent_memory,text_timestamp,1,1,1,0,0,True,analytics_tool_stale,,
update_nonce_option__agent_memory_analytics_tool_stale_first_code_b_current,update_nonce_option,agent_memory,lineage,1,1,1,0,0,True,analytics_tool_stale,,
update_nonce_option__agent_memory_analytics_tool_stale_first_code_b_current,update_nonce_option,agent_memory,text_timestamp,1,1,1,0,0,True,analytics_tool_stale,,
update_nonce_option__agent_memory_voice_style_current_first_code_a_current,update_nonce_option,agent_memory,lineage,1,1,1,0,0,True,voice_style_stale,,
update_nonce_option__agent_memory_voice_style_current_first_code_a_current,update_nonce_option,agent_memory,text_timestamp,1,1,1,0,0,True,voice_style_stale,,
update_nonce_option__agent_memory_voice_style_current_first_code_b_current,update_nonce_option,agent_memory,lineage,1,1,1,0,0,True,voice_style_stale,,
update_nonce_option__agent_memory_voice_style_current_first_code_b_current,update_nonce_option,agent_memory,text_timestamp,1,1,1,0,0,True,voice_style_stale,,
update_nonce_option__agent_memory_voice_style_stale_first_code_a_current,update_nonce_option,agent_memory,lineage,1,1,1,0,0,True,voice_style_stale,,
update_nonce_option__agent_memory_voice_style_stale_first_code_a_current,update_nonce_option,agent_memory,text_timestamp,1,1,1,0,0,True,voice_style_stale,,
update_nonce_option__agent_memory_voice_style_stale_first_code_b_current,update_nonce_option,agent_memory,lineage,1,1,1,0,0,True,voice_style_stale,,
update_nonce_option__agent_memory_voice_style_stale_first_code_b_current,update_nonce_option,agent_memory,text_timestamp,1,1,1,0,0,True,voice_style_stale,,
action__agent_memory_action_flight_origin_current_first_direct_value,action,agent_memory_action,lineage,1,1,1,0,0,True,flight_origin_stale,,
action__agent_memory_action_flight_origin_current_first_direct_value,action,agent_memory_action,text_timestamp,1,1,1,0,0,True,flight_origin_stale,,
action__agent_memory_action_flight_origin_current_first_task_action,action,agent_memory_action,lineage,1,1,1,0,0,True,flight_origin_stale,,
action__agent_memory_action_flight_origin_current_first_task_action,action,agent_memory_action,text_timestamp,1,1,1,0,0,True,flight_origin_stale,,
action__agent_memory_action_flight_origin_stale_first_direct_value,action,agent_memory_action,lineage,1,1,1,0,0,True,flight_origin_stale,,
action__agent_memory_action_flight_origin_stale_first_direct_value,action,agent_memory_action,text_timestamp,1,1,1,0,0,True,flight_origin_stale,,
action__agent_memory_action_flight_origin_stale_first_task_action,action,agent_memory_action,lineage,1,1,1,0,0,True,flight_origin_stale,,
action__agent_memory_action_flight_origin_stale_first_task_action,action,agent_memory_action,text_timestamp,1,1,1,0,0,True,flight_origin_stale,,
action__agent_memory_action_invoice_destination_current_first_direct_value,action,agent_memory_action,lineage,1,1,1,0,0,True,invoice_destination_stale,,
action__agent_memory_action_invoice_destination_current_first_direct_value,action,agent_memory_action,text_timestamp,1,1,1,0,0,True,invoice_destination_stale,,
action__agent_memory_action_invoice_destination_current_first_task_action,action,agent_memory_action,lineage,1,1,1,0,0,True,invoice_destination_stale,,
action__agent_memory_action_invoice_destination_current_first_task_action,action,agent_memory_action,text_timestamp,1,1,1,0,0,True,invoice_destination_stale,,
action__agent_memory_action_invoice_destination_stale_first_direct_value,action,agent_memory_action,lineage,1,1,1,0,0,True,invoice_destination_stale,,
action__agent_memory_action_invoice_destination_stale_first_direct_value,action,agent_memory_action,text_timestamp,1,1,1,0,0,True,invoice_destination_stale,,
action__agent_memory_action_invoice_destination_stale_first_task_action,action,agent_memory_action,lineage,1,1,1,0,0,True,invoice_destination_stale,,
action__agent_memory_action_invoice_destination_stale_first_task_action,action,agent_memory_action,text_timestamp,1,1,1,0,0,True,invoice_destination_stale,,
action__agent_memory_action_incident_room_current_first_direct_value,action,agent_memory_action,lineage,1,1,1,0,0,True,incident_room_stale,,
action__agent_memory_action_incident_room_current_first_direct_value,action,agent_memory_action,text_timestamp,1,1,1,0,0,True,incident_room_stale,,
action__agent_memory_action_incident_room_current_first_task_action,action,agent_memory_action,lineage,1,1,1,0,0,True,incident_room_stale,,
action__agent_memory_action_incident_room_current_first_task_action,action,agent_memory_action,text_timestamp,1,1,1,0,0,True,incident_room_stale,,
action__agent_memory_action_incident_room_stale_first_direct_value,action,agent_memory_action,lineage,1,1,1,0,0,True,incident_room_stale,,
action__agent_memory_action_incident_room_stale_first_direct_value,action,agent_memory_action,text_timestamp,1,1,1,0,0,True,incident_room_stale,,
action__agent_memory_action_incident_room_stale_first_task_action,action,agent_memory_action,lineage,1,1,1,0,0,True,incident_room_stale,,
action__agent_memory_action_incident_room_stale_first_task_action,action,agent_memory_action,text_timestamp,1,1,1,0,0,True,incident_room_stale,,
action__agent_memory_action_deploy_source_current_first_direct_value,action,agent_memory_action,lineage,1,1,1,0,0,True,deploy_source_stale,,
action__agent_memory_action_deploy_source_current_first_direct_value,action,agent_memory_action,text_timestamp,1,1,1,0,0,True,deploy_source_stale,,
action__agent_memory_action_deploy_source_current_first_task_action,action,agent_memory_action,lineage,1,1,1,0,0,True,deploy_source_stale,,
action__agent_memory_action_deploy_source_current_first_task_action,action,agent_memory_action,text_timestamp,1,1,1,0,0,True,deploy_source_stale,,
action__agent_memory_action_deploy_source_stale_first_direct_value,action,agent_memory_action,lineage,1,1,1,0,0,True,deploy_source_stale,,
action__agent_memory_action_deploy_source_stale_first_direct_value,action,agent_memory_action,text_timestamp,1,1,1,0,0,True,deploy_source_stale,,
action__agent_memory_action_deploy_source_stale_first_task_action,action,agent_memory_action,lineage,1,1,1,0,0,True,deploy_source_stale,,
action__agent_memory_action_deploy_source_stale_first_task_action,action,agent_memory_action,text_timestamp,1,1,1,0,0,True,deploy_source_stale,,
action__agent_memory_action_support_plan_current_first_direct_value,action,agent_memory_action,lineage,1,1,1,0,0,True,support_plan_stale,,
action__agent_memory_action_support_plan_current_first_direct_value,action,agent_memory_action,text_timestamp,1,1,1,0,0,True,support_plan_stale,,
action__agent_memory_action_support_plan_current_first_task_action,action,agent_memory_action,lineage,1,1,1,0,0,True,support_plan_stale,,
action__agent_memory_action_support_plan_current_first_task_action,action,agent_memory_action,text_timestamp,1,1,1,0,0,True,support_plan_stale,,
action__agent_memory_action_support_plan_stale_first_direct_value,action,agent_memory_action,lineage,1,1,1,0,0,True,support_plan_stale,,
action__agent_memory_action_support_plan_stale_first_direct_value,action,agent_memory_action,text_timestamp,1,1,1,0,0,True,support_plan_stale,,
action__agent_memory_action_support_plan_stale_first_task_action,action,agent_memory_action,lineage,1,1,1,0,0,True,support_plan_stale,,
action__agent_memory_action_support_plan_stale_first_task_action,action,agent_memory_action,text_timestamp,1,1,1,0,0,True,support_plan_stale,,
action__agent_memory_action_doc_review_format_current_first_direct_value,action,agent_memory_action,lineage,1,1,1,0,0,True,doc_review_format_stale,,
action__agent_memory_action_doc_review_format_current_first_direct_value,action,agent_memory_action,text_timestamp,1,1,1,0,0,True,doc_review_format_stale,,
action__agent_memory_action_doc_review_format_current_first_task_action,action,agent_memory_action,lineage,1,1,1,0,0,True,doc_review_format_stale,,
action__agent_memory_action_doc_review_format_current_first_task_action,action,agent_memory_action,text_timestamp,1,1,1,0,0,True,doc_review_format_stale,,
action__agent_memory_action_doc_review_format_stale_first_direct_value,action,agent_memory_action,lineage,1,1,1,0,0,True,doc_review_format_stale,,
action__agent_memory_action_doc_review_format_stale_first_direct_value,action,agent_memory_action,text_timestamp,1,1,1,0,0,True,doc_review_format_stale,,
action__agent_memory_action_doc_review_format_stale_first_task_action,action,agent_memory_action,lineage,1,1,1,0,0,True,doc_review_format_stale,,
action__agent_memory_action_doc_review_format_stale_first_task_action,action,agent_memory_action,text_timestamp,1,1,1,0,0,True,doc_review_format_stale,,
action__agent_memory_action_tool_budget_current_first_direct_value,action,agent_memory_action,lineage,1,1,1,0,0,True,tool_budget_stale,,
action__agent_memory_action_tool_budget_current_first_direct_value,action,agent_memory_action,text_timestamp,1,1,1,0,0,True,tool_budget_stale,,
action__agent_memory_action_tool_budget_current_first_task_action,action,agent_memory_action,lineage,1,1,1,0,0,True,tool_budget_stale,,
action__agent_memory_action_tool_budget_current_first_task_action,action,agent_memory_action,text_timestamp,1,1,1,0,0,True,tool_budget_stale,,
action__agent_memory_action_tool_budget_stale_first_direct_value,action,agent_memory_action,lineage,1,1,1,0,0,True,tool_budget_stale,,
action__agent_memory_action_tool_budget_stale_first_direct_value,action,agent_memory_action,text_timestamp,1,1,1,0,0,True,tool_budget_stale,,
action__agent_memory_action_tool_budget_stale_first_task_action,action,agent_memory_action,lineage,1,1,1,0,0,True,tool_budget_stale,,
action__agent_memory_action_tool_budget_stale_first_task_action,action,agent_memory_action,text_timestamp,1,1,1,0,0,True,tool_budget_stale,,
action__agent_memory_action_crm_phase_current_first_direct_value,action,agent_memory_action,lineage,1,1,1,0,0,True,crm_phase_stale,,
action__agent_memory_action_crm_phase_current_first_direct_value,action,agent_memory_action,text_timestamp,1,1,1,0,0,True,crm_phase_stale,,
action__agent_memory_action_crm_phase_current_first_task_action,action,agent_memory_action,lineage,1,1,1,0,0,True,crm_phase_stale,,
action__agent_memory_action_crm_phase_current_first_task_action,action,agent_memory_action,text_timestamp,1,1,1,0,0,True,crm_phase_stale,,
action__agent_memory_action_crm_phase_stale_first_direct_value,action,agent_memory_action,lineage,1,1,1,0,0,True,crm_phase_stale,,
action__agent_memory_action_crm_phase_stale_first_direct_value,action,agent_memory_action,text_timestamp,1,1,1,0,0,True,crm_phase_stale,,
action__agent_memory_action_crm_phase_stale_first_task_action,action,agent_memory_action,lineage,1,1,1,0,0,True,crm_phase_stale,,
action__agent_memory_action_crm_phase_stale_first_task_action,action,agent_memory_action,text_timestamp,1,1,1,0,0,True,crm_phase_stale,,
action__agent_memory_action_meeting_place_current_first_direct_value,action,agent_memory_action,lineage,1,1,1,0,0,True,meeting_place_stale,,
action__agent_memory_action_meeting_place_current_first_direct_value,action,agent_memory_action,text_timestamp,1,1,1,0,0,True,meeting_place_stale,,
action__agent_memory_action_meeting_place_current_first_task_action,action,agent_memory_action,lineage,1,1,1,0,0,True,meeting_place_stale,,
action__agent_memory_action_meeting_place_current_first_task_action,action,agent_memory_action,text_timestamp,1,1,1,0,0,True,meeting_place_stale,,
action__agent_memory_action_meeting_place_stale_first_direct_value,action,agent_memory_action,lineage,1,1,1,0,0,True,meeting_place_stale,,
action__agent_memory_action_meeting_place_stale_first_direct_value,action,agent_memory_action,text_timestamp,1,1,1,0,0,True,meeting_place_stale,,
action__agent_memory_action_meeting_place_stale_first_task_action,action,agent_memory_action,lineage,1,1,1,0,0,True,meeting_place_stale,,
action__agent_memory_action_meeting_place_stale_first_task_action,action,agent_memory_action,text_timestamp,1,1,1,0,0,True,meeting_place_stale,,
action__agent_memory_action_search_route_current_first_direct_value,action,agent_memory_action,lineage,1,1,1,0,0,True,search_route_stale,,
action__agent_memory_action_search_route_current_first_direct_value,action,agent_memory_action,text_timestamp,1,1,1,0,0,True,search_route_stale,,
action__agent_memory_action_search_route_current_first_task_action,action,agent_memory_action,lineage,1,1,1,0,0,True,search_route_stale,,
action__agent_memory_action_search_route_current_first_task_action,action,agent_memory_action,text_timestamp,1,1,1,0,0,True,search_route_stale,,
action__agent_memory_action_search_route_stale_first_direct_value,action,agent_memory_action,lineage,1,1,1,0,0,True,search_route_stale,,
action__agent_memory_action_search_route_stale_first_direct_value,action,agent_memory_action,text_timestamp,1,1,1,0,0,True,search_route_stale,,
action__agent_memory_action_search_route_stale_first_task_action,action,agent_memory_action,lineage,1,1,1,0,0,True,search_route_stale,,
action__agent_memory_action_search_route_stale_first_task_action,action,agent_memory_action,text_timestamp,1,1,1,0,0,True,search_route_stale,,
action__agent_memory_action_shipping_drop_current_first_direct_value,action,agent_memory_action,lineage,1,1,1,0,0,True,shipping_drop_stale,,
action__agent_memory_action_shipping_drop_current_first_direct_value,action,agent_memory_action,text_timestamp,1,1,1,0,0,True,shipping_drop_stale,,
action__agent_memory_action_shipping_drop_current_first_task_action,action,agent_memory_action,lineage,1,1,1,0,0,True,shipping_drop_stale,,
action__agent_memory_action_shipping_drop_current_first_task_action,action,agent_memory_action,text_timestamp,1,1,1,0,0,True,shipping_drop_stale,,
action__agent_memory_action_shipping_drop_stale_first_direct_value,action,agent_memory_action,lineage,1,1,1,0,0,True,shipping_drop_stale,,
action__agent_memory_action_shipping_drop_stale_first_direct_value,action,agent_memory_action,text_timestamp,1,1,1,0,0,True,shipping_drop_stale,,
action__agent_memory_action_shipping_drop_stale_first_task_action,action,agent_memory_action,lineage,1,1,1,0,0,True,shipping_drop_stale,,
action__agent_memory_action_shipping_drop_stale_first_task_action,action,agent_memory_action,text_timestamp,1,1,1,0,0,True,shipping_drop_stale,,
action__agent_memory_action_reminder_cadence_current_first_direct_value,action,agent_memory_action,lineage,1,1,1,0,0,True,reminder_cadence_stale,,
action__agent_memory_action_reminder_cadence_current_first_direct_value,action,agent_memory_action,text_timestamp,1,1,1,0,0,True,reminder_cadence_stale,,
action__agent_memory_action_reminder_cadence_current_first_task_action,action,agent_memory_action,lineage,1,1,1,0,0,True,reminder_cadence_stale,,
action__agent_memory_action_reminder_cadence_current_first_task_action,action,agent_memory_action,text_timestamp,1,1,1,0,0,True,reminder_cadence_stale,,
action__agent_memory_action_reminder_cadence_stale_first_direct_value,action,agent_memory_action,lineage,1,1,1,0,0,True,reminder_cadence_stale,,
action__agent_memory_action_reminder_cadence_stale_first_direct_value,action,agent_memory_action,text_timestamp,1,1,1,0,0,True,reminder_cadence_stale,,
action__agent_memory_action_reminder_cadence_stale_first_task_action,action,agent_memory_action,lineage,1,1,1,0,0,True,reminder_cadence_stale,,
action__agent_memory_action_reminder_cadence_stale_first_task_action,action,agent_memory_action,text_timestamp,1,1,1,0,0,True,reminder_cadence_stale,,
action__agent_memory_action_editor_choice_current_first_direct_value,action,agent_memory_action,lineage,1,1,1,0,0,True,editor_choice_stale,,
action__agent_memory_action_editor_choice_current_first_direct_value,action,agent_memory_action,text_timestamp,1,1,1,0,0,True,editor_choice_stale,,
action__agent_memory_action_editor_choice_current_first_task_action,action,agent_memory_action,lineage,1,1,1,0,0,True,editor_choice_stale,,
action__agent_memory_action_editor_choice_current_first_task_action,action,agent_memory_action,text_timestamp,1,1,1,0,0,True,editor_choice_stale,,
action__agent_memory_action_editor_choice_stale_first_direct_value,action,agent_memory_action,lineage,1,1,1,0,0,True,editor_choice_stale,,
action__agent_memory_action_editor_choice_stale_first_direct_value,action,agent_memory_action,text_timestamp,1,1,1,0,0,True,editor_choice_stale,,
action__agent_memory_action_editor_choice_stale_first_task_action,action,agent_memory_action,lineage,1,1,1,0,0,True,editor_choice_stale,,
action__agent_memory_action_editor_choice_stale_first_task_action,action,agent_memory_action,text_timestamp,1,1,1,0,0,True,editor_choice_stale,,
action__agent_memory_action_analytics_dashboard_current_first_direct_value,action,agent_memory_action,lineage,1,1,1,0,0,True,analytics_dashboard_stale,,
action__agent_memory_action_analytics_dashboard_current_first_direct_value,action,agent_memory_action,text_timestamp,1,1,1,0,0,True,analytics_dashboard_stale,,
action__agent_memory_action_analytics_dashboard_current_first_task_action,action,agent_memory_action,lineage,1,1,1,0,0,True,analytics_dashboard_stale,,
action__agent_memory_action_analytics_dashboard_current_first_task_action,action,agent_memory_action,text_timestamp,1,1,1,0,0,True,analytics_dashboard_stale,,
action__agent_memory_action_analytics_dashboard_stale_first_direct_value,action,agent_memory_action,lineage,1,1,1,0,0,True,analytics_dashboard_stale,,
action__agent_memory_action_analytics_dashboard_stale_first_direct_value,action,agent_memory_action,text_timestamp,1,1,1,0,0,True,analytics_dashboard_stale,,
action__agent_memory_action_analytics_dashboard_stale_first_task_action,action,agent_memory_action,lineage,1,1,1,0,0,True,analytics_dashboard_stale,,
action__agent_memory_action_analytics_dashboard_stale_first_task_action,action,agent_memory_action,text_timestamp,1,1,1,0,0,True,analytics_dashboard_stale,,
action__agent_memory_action_client_tone_current_first_direct_value,action,agent_memory_action,lineage,1,1,1,0,0,True,client_tone_stale,,
action__agent_memory_action_client_tone_current_first_direct_value,action,agent_memory_action,text_timestamp,1,1,1,0,0,True,client_tone_stale,,
action__agent_memory_action_client_tone_current_first_task_action,action,agent_memory_action,lineage,1,1,1,0,0,True,client_tone_stale,,
action__agent_memory_action_client_tone_current_first_task_action,action,agent_memory_action,text_timestamp,1,1,1,0,0,True,client_tone_stale,,
action__agent_memory_action_client_tone_stale_first_direct_value,action,agent_memory_action,lineage,1,1,1,0,0,True,client_tone_stale,,
action__agent_memory_action_client_tone_stale_first_direct_value,action,agent_memory_action,text_timestamp,1,1,1,0,0,True,client_tone_stale,,
action__agent_memory_action_client_tone_stale_first_task_action,action,agent_memory_action,lineage,1,1,1,0,0,True,client_tone_stale,,
action__agent_memory_action_client_tone_stale_first_task_action,action,agent_memory_action,text_timestamp,1,1,1,0,0,True,client_tone_stale,,
action__agent_memory_action_checkout_flag_current_first_direct_value,action,agent_memory_action,lineage,1,1,1,0,0,True,checkout_flag_stale,,
action__agent_memory_action_checkout_flag_current_first_direct_value,action,agent_memory_action,text_timestamp,1,1,1,0,0,True,checkout_flag_stale,,
action__agent_memory_action_checkout_flag_current_first_task_action,action,agent_memory_action,lineage,1,1,1,0,0,True,checkout_flag_stale,,
action__agent_memory_action_checkout_flag_current_first_task_action,action,agent_memory_action,text_timestamp,1,1,1,0,0,True,checkout_flag_stale,,
action__agent_memory_action_checkout_flag_stale_first_direct_value,action,agent_memory_action,lineage,1,1,1,0,0,True,checkout_flag_stale,,
action__agent_memory_action_checkout_flag_stale_first_direct_value,action,agent_memory_action,text_timestamp,1,1,1,0,0,True,checkout_flag_stale,,
action__agent_memory_action_checkout_flag_stale_first_task_action,action,agent_memory_action,lineage,1,1,1,0,0,True,checkout_flag_stale,,
action__agent_memory_action_checkout_flag_stale_first_task_action,action,agent_memory_action,text_timestamp,1,1,1,0,0,True,checkout_flag_stale,,
messy_multi_update__agent_memory_messy_review_location_chronological_direct_value,messy_multi_update,agent_memory_messy,lineage,2,2,2,0,0,True,review_location_middle review_location_older,,
messy_multi_update__agent_memory_messy_review_location_chronological_direct_value,messy_multi_update,agent_memory_messy,text_timestamp,2,2,2,0,0,True,review_location_middle review_location_older,,
messy_multi_update__agent_memory_messy_review_location_chronological_task_action,messy_multi_update,agent_memory_messy,lineage,2,2,2,0,0,True,review_location_middle review_location_older,,
messy_multi_update__agent_memory_messy_review_location_chronological_task_action,messy_multi_update,agent_memory_messy,text_timestamp,2,2,2,0,0,True,review_location_middle review_location_older,,
messy_multi_update__agent_memory_messy_review_location_scrambled_direct_value,messy_multi_update,agent_memory_messy,lineage,2,2,2,0,0,True,review_location_middle review_location_older,,
messy_multi_update__agent_memory_messy_review_location_scrambled_direct_value,messy_multi_update,agent_memory_messy,text_timestamp,2,2,2,0,0,True,review_location_middle review_location_older,,
messy_multi_update__agent_memory_messy_review_location_scrambled_task_action,messy_multi_update,agent_memory_messy,lineage,2,2,2,0,0,True,review_location_middle review_location_older,,
messy_multi_update__agent_memory_messy_review_location_scrambled_task_action,messy_multi_update,agent_memory_messy,text_timestamp,2,2,2,0,0,True,review_location_middle review_location_older,,
messy_multi_update__agent_memory_messy_invoice_contact_chronological_direct_value,messy_multi_update,agent_memory_messy,lineage,2,2,2,0,0,True,invoice_contact_middle invoice_contact_older,,
messy_multi_update__agent_memory_messy_invoice_contact_chronological_direct_value,messy_multi_update,agent_memory_messy,text_timestamp,2,2,2,0,0,True,invoice_contact_middle invoice_contact_older,,
messy_multi_update__agent_memory_messy_invoice_contact_chronological_task_action,messy_multi_update,agent_memory_messy,lineage,2,2,2,0,0,True,invoice_contact_middle invoice_contact_older,,
messy_multi_update__agent_memory_messy_invoice_contact_chronological_task_action,messy_multi_update,agent_memory_messy,text_timestamp,2,2,2,0,0,True,invoice_contact_middle invoice_contact_older,,
messy_multi_update__agent_memory_messy_invoice_contact_scrambled_direct_value,messy_multi_update,agent_memory_messy,lineage,2,2,2,0,0,True,invoice_contact_middle invoice_contact_older,,
messy_multi_update__agent_memory_messy_invoice_contact_scrambled_direct_value,messy_multi_update,agent_memory_messy,text_timestamp,2,2,2,0,0,True,invoice_contact_middle invoice_contact_older,,
messy_multi_update__agent_memory_messy_invoice_contact_scrambled_task_action,messy_multi_update,agent_memory_messy,lineage,2,2,2,0,0,True,invoice_contact_middle invoice_contact_older,,
messy_multi_update__agent_memory_messy_invoice_contact_scrambled_task_action,messy_multi_update,agent_memory_messy,text_timestamp,2,2,2,0,0,True,invoice_contact_middle invoice_contact_older,,
messy_multi_update__agent_memory_messy_deploy_branch_chronological_direct_value,messy_multi_update,agent_memory_messy,lineage,2,2,2,0,0,True,deploy_branch_middle deploy_branch_older,,
messy_multi_update__agent_memory_messy_deploy_branch_chronological_direct_value,messy_multi_update,agent_memory_messy,text_timestamp,2,2,2,0,0,True,deploy_branch_middle deploy_branch_older,,
messy_multi_update__agent_memory_messy_deploy_branch_chronological_task_action,messy_multi_update,agent_memory_messy,lineage,2,2,2,0,0,True,deploy_branch_middle deploy_branch_older,,
messy_multi_update__agent_memory_messy_deploy_branch_chronological_task_action,messy_multi_update,agent_memory_messy,text_timestamp,2,2,2,0,0,True,deploy_branch_middle deploy_branch_older,,
messy_multi_update__agent_memory_messy_deploy_branch_scrambled_direct_value,messy_multi_update,agent_memory_messy,lineage,2,2,2,0,0,True,deploy_branch_middle deploy_branch_older,,
messy_multi_update__agent_memory_messy_deploy_branch_scrambled_direct_value,messy_multi_update,agent_memory_messy,text_timestamp,2,2,2,0,0,True,deploy_branch_middle deploy_branch_older,,
messy_multi_update__agent_memory_messy_deploy_branch_scrambled_task_action,messy_multi_update,agent_memory_messy,lineage,2,2,2,0,0,True,deploy_branch_middle deploy_branch_older,,
messy_multi_update__agent_memory_messy_deploy_branch_scrambled_task_action,messy_multi_update,agent_memory_messy,text_timestamp,2,2,2,0,0,True,deploy_branch_middle deploy_branch_older,,
messy_multi_update__agent_memory_messy_support_tier_chronological_direct_value,messy_multi_update,agent_memory_messy,lineage,2,2,2,0,0,True,support_tier_middle support_tier_older,,
messy_multi_update__agent_memory_messy_support_tier_chronological_direct_value,messy_multi_update,agent_memory_messy,text_timestamp,2,2,2,0,0,True,support_tier_middle support_tier_older,,
messy_multi_update__agent_memory_messy_support_tier_chronological_task_action,messy_multi_update,agent_memory_messy,lineage,2,2,2,0,0,True,support_tier_middle support_tier_older,,
messy_multi_update__agent_memory_messy_support_tier_chronological_task_action,messy_multi_update,agent_memory_messy,text_timestamp,2,2,2,0,0,True,support_tier_middle support_tier_older,,
messy_multi_update__agent_memory_messy_support_tier_scrambled_direct_value,messy_multi_update,agent_memory_messy,lineage,2,2,2,0,0,True,support_tier_middle support_tier_older,,
messy_multi_update__agent_memory_messy_support_tier_scrambled_direct_value,messy_multi_update,agent_memory_messy,text_timestamp,2,2,2,0,0,True,support_tier_middle support_tier_older,,
messy_multi_update__agent_memory_messy_support_tier_scrambled_task_action,messy_multi_update,agent_memory_messy,lineage,2,2,2,0,0,True,support_tier_middle support_tier_older,,
messy_multi_update__agent_memory_messy_support_tier_scrambled_task_action,messy_multi_update,agent_memory_messy,text_timestamp,2,2,2,0,0,True,support_tier_middle support_tier_older,,
messy_multi_update__agent_memory_messy_writing_tone_chronological_direct_value,messy_multi_update,agent_memory_messy,lineage,2,2,2,0,0,True,writing_tone_middle writing_tone_older,,
messy_multi_update__agent_memory_messy_writing_tone_chronological_direct_value,messy_multi_update,agent_memory_messy,text_timestamp,2,2,2,0,0,True,writing_tone_middle writing_tone_older,,
messy_multi_update__agent_memory_messy_writing_tone_chronological_task_action,messy_multi_update,agent_memory_messy,lineage,2,2,2,0,0,True,writing_tone_middle writing_tone_older,,
messy_multi_update__agent_memory_messy_writing_tone_chronological_task_action,messy_multi_update,agent_memory_messy,text_timestamp,2,2,2,0,0,True,writing_tone_middle writing_tone_older,,
messy_multi_update__agent_memory_messy_writing_tone_scrambled_direct_value,messy_multi_update,agent_memory_messy,lineage,2,2,2,0,0,True,writing_tone_middle writing_tone_older,,
messy_multi_update__agent_memory_messy_writing_tone_scrambled_direct_value,messy_multi_update,agent_memory_messy,text_timestamp,2,2,2,0,0,True,writing_tone_middle writing_tone_older,,
messy_multi_update__agent_memory_messy_writing_tone_scrambled_task_action,messy_multi_update,agent_memory_messy,lineage,2,2,2,0,0,True,writing_tone_middle writing_tone_older,,
messy_multi_update__agent_memory_messy_writing_tone_scrambled_task_action,messy_multi_update,agent_memory_messy,text_timestamp,2,2,2,0,0,True,writing_tone_middle writing_tone_older,,
messy_multi_update__agent_memory_messy_dashboard_tool_chronological_direct_value,messy_multi_update,agent_memory_messy,lineage,2,2,2,0,0,True,dashboard_tool_middle dashboard_tool_older,,
messy_multi_update__agent_memory_messy_dashboard_tool_chronological_direct_value,messy_multi_update,agent_memory_messy,text_timestamp,2,2,2,0,0,True,dashboard_tool_middle dashboard_tool_older,,
messy_multi_update__agent_memory_messy_dashboard_tool_chronological_task_action,messy_multi_update,agent_memory_messy,lineage,2,2,2,0,0,True,dashboard_tool_middle dashboard_tool_older,,
messy_multi_update__agent_memory_messy_dashboard_tool_chronological_task_action,messy_multi_update,agent_memory_messy,text_timestamp,2,2,2,0,0,True,dashboard_tool_middle dashboard_tool_older,,
messy_multi_update__agent_memory_messy_dashboard_tool_scrambled_direct_value,messy_multi_update,agent_memory_messy,lineage,2,2,2,0,0,True,dashboard_tool_middle dashboard_tool_older,,
messy_multi_update__agent_memory_messy_dashboard_tool_scrambled_direct_value,messy_multi_update,agent_memory_messy,text_timestamp,2,2,2,0,0,True,dashboard_tool_middle dashboard_tool_older,,
messy_multi_update__agent_memory_messy_dashboard_tool_scrambled_task_action,messy_multi_update,agent_memory_messy,lineage,2,2,2,0,0,True,dashboard_tool_middle dashboard_tool_older,,
messy_multi_update__agent_memory_messy_dashboard_tool_scrambled_task_action,messy_multi_update,agent_memory_messy,text_timestamp,2,2,2,0,0,True,dashboard_tool_middle dashboard_tool_older,,
messy_multi_update__agent_memory_messy_shipping_address_chronological_direct_value,messy_multi_update,agent_memory_messy,lineage,2,2,2,0,0,True,shipping_address_middle shipping_address_older,,
messy_multi_update__agent_memory_messy_shipping_address_chronological_direct_value,messy_multi_update,agent_memory_messy,text_timestamp,2,2,2,0,0,True,shipping_address_middle shipping_address_older,,
messy_multi_update__agent_memory_messy_shipping_address_chronological_task_action,messy_multi_update,agent_memory_messy,lineage,2,2,2,0,0,True,shipping_address_middle shipping_address_older,,
messy_multi_update__agent_memory_messy_shipping_address_chronological_task_action,messy_multi_update,agent_memory_messy,text_timestamp,2,2,2,0,0,True,shipping_address_middle shipping_address_older,,
messy_multi_update__agent_memory_messy_shipping_address_scrambled_direct_value,messy_multi_update,agent_memory_messy,lineage,2,2,2,0,0,True,shipping_address_middle shipping_address_older,,
messy_multi_update__agent_memory_messy_shipping_address_scrambled_direct_value,messy_multi_update,agent_memory_messy,text_timestamp,2,2,2,0,0,True,shipping_address_middle shipping_address_older,,
messy_multi_update__agent_memory_messy_shipping_address_scrambled_task_action,messy_multi_update,agent_memory_messy,lineage,2,2,2,0,0,True,shipping_address_middle shipping_address_older,,
messy_multi_update__agent_memory_messy_shipping_address_scrambled_task_action,messy_multi_update,agent_memory_messy,text_timestamp,2,2,2,0,0,True,shipping_address_middle shipping_address_older,,
messy_multi_update__agent_memory_messy_feature_flag_chronological_direct_value,messy_multi_update,agent_memory_messy,lineage,2,2,2,0,0,True,feature_flag_middle feature_flag_older,,
messy_multi_update__agent_memory_messy_feature_flag_chronological_direct_value,messy_multi_update,agent_memory_messy,text_timestamp,2,2,2,0,0,True,feature_flag_middle feature_flag_older,,
messy_multi_update__agent_memory_messy_feature_flag_chronological_task_action,messy_multi_update,agent_memory_messy,lineage,2,2,2,0,0,True,feature_flag_middle feature_flag_older,,
messy_multi_update__agent_memory_messy_feature_flag_chronological_task_action,messy_multi_update,agent_memory_messy,text_timestamp,2,2,2,0,0,True,feature_flag_middle feature_flag_older,,
messy_multi_update__agent_memory_messy_feature_flag_scrambled_direct_value,messy_multi_update,agent_memory_messy,lineage,2,2,2,0,0,True,feature_flag_middle feature_flag_older,,
messy_multi_update__agent_memory_messy_feature_flag_scrambled_direct_value,messy_multi_update,agent_memory_messy,text_timestamp,2,2,2,0,0,True,feature_flag_middle feature_flag_older,,
messy_multi_update__agent_memory_messy_feature_flag_scrambled_task_action,messy_multi_update,agent_memory_messy,lineage,2,2,2,0,0,True,feature_flag_middle feature_flag_older,,
messy_multi_update__agent_memory_messy_feature_flag_scrambled_task_action,messy_multi_update,agent_memory_messy,text_timestamp,2,2,2,0,0,True,feature_flag_middle feature_flag_older,,
messy_multi_update__agent_memory_messy_editor_preference_chronological_direct_value,messy_multi_update,agent_memory_messy,lineage,2,2,2,0,0,True,editor_preference_middle editor_preference_older,,
messy_multi_update__agent_memory_messy_editor_preference_chronological_direct_value,messy_multi_update,agent_memory_messy,text_timestamp,2,2,2,0,0,True,editor_preference_middle editor_preference_older,,
messy_multi_update__agent_memory_messy_editor_preference_chronological_task_action,messy_multi_update,agent_memory_messy,lineage,2,2,2,0,0,True,editor_preference_middle editor_preference_older,,
messy_multi_update__agent_memory_messy_editor_preference_chronological_task_action,messy_multi_update,agent_memory_messy,text_timestamp,2,2,2,0,0,True,editor_preference_middle editor_preference_older,,
messy_multi_update__agent_memory_messy_editor_preference_scrambled_direct_value,messy_multi_update,agent_memory_messy,lineage,2,2,2,0,0,True,editor_preference_middle editor_preference_older,,
messy_multi_update__agent_memory_messy_editor_preference_scrambled_direct_value,messy_multi_update,agent_memory_messy,text_timestamp,2,2,2,0,0,True,editor_preference_middle editor_preference_older,,
messy_multi_update__agent_memory_messy_editor_preference_scrambled_task_action,messy_multi_update,agent_memory_messy,lineage,2,2,2,0,0,True,editor_preference_middle editor_preference_older,,
messy_multi_update__agent_memory_messy_editor_preference_scrambled_task_action,messy_multi_update,agent_memory_messy,text_timestamp,2,2,2,0,0,True,editor_preference_middle editor_preference_older,,
messy_multi_update__agent_memory_messy_reminder_day_chronological_direct_value,messy_multi_update,agent_memory_messy,lineage,2,2,2,0,0,True,reminder_day_middle reminder_day_older,,
messy_multi_update__agent_memory_messy_reminder_day_chronological_direct_value,messy_multi_update,agent_memory_messy,text_timestamp,2,2,2,0,0,True,reminder_day_middle reminder_day_older,,
messy_multi_update__agent_memory_messy_reminder_day_chronological_task_action,messy_multi_update,agent_memory_messy,lineage,2,2,2,0,0,True,reminder_day_middle reminder_day_older,,
messy_multi_update__agent_memory_messy_reminder_day_chronological_task_action,messy_multi_update,agent_memory_messy,text_timestamp,2,2,2,0,0,True,reminder_day_middle reminder_day_older,,
messy_multi_update__agent_memory_messy_reminder_day_scrambled_direct_value,messy_multi_update,agent_memory_messy,lineage,2,2,2,0,0,True,reminder_day_middle reminder_day_older,,
messy_multi_update__agent_memory_messy_reminder_day_scrambled_direct_value,messy_multi_update,agent_memory_messy,text_timestamp,2,2,2,0,0,True,reminder_day_middle reminder_day_older,,
messy_multi_update__agent_memory_messy_reminder_day_scrambled_task_action,messy_multi_update,agent_memory_messy,lineage,2,2,2,0,0,True,reminder_day_middle reminder_day_older,,
messy_multi_update__agent_memory_messy_reminder_day_scrambled_task_action,messy_multi_update,agent_memory_messy,text_timestamp,2,2,2,0,0,True,reminder_day_middle reminder_day_older,,
